Index1,Corr_Value1,Index2,Corr_Value2
1,0.7302841293515449,1.0,0.9950959791318977
2,0.9667082940039247,2.0,0.9617460086929354
3,0.687451239055014,3.0,0.9494702809068074
4,0.6377685847355259,4.0,0.8118910229030419
5,0.9999366185197789,5.0,0.998085168122624
6,0.9993131680429671,6.0,0.7928851439809413
7,0.570180245153312,7.0,0.6594489402553636
8,0.6334464697767104,8.0,0.7920194961438707
9,0.5937276221936202,9.0,0.9836864688568077
10,0.9134632461056471,10.0,0.6155713604132003
11,0.7235653266705674,11.0,0.8303243852546377
12,0.5544820945631491,12.0,0.6724867448471822
13,0.5464994745490908,13.0,0.682688046476688
14,0.999349436556394,14.0,0.6459056425709659
15,0.878269948658269,15.0,0.8410700604230278
16,0.7716344505488019,16.0,0.6738599414297753
17,0.994002008442045,17.0,0.579209610244754
18,0.9748823023834853,18.0,0.9251395296991024
19,0.9090539902519242,19.0,0.5760937257978431
20,0.5921532173945905,20.0,0.9982601808743347
21,0.4167191039228088,21.0,0.945545147164556
22,0.8765064502960107,22.0,0.4796778176263845
23,0.63175077206917,23.0,0.6980249081050309
24,0.4569416859965293,24.0,0.9681039750253799
25,0.9559539449456719,25.0,0.9462283117076585
26,0.9955128824237369,26.0,0.9972830077265386
27,0.8697207524563781,27.0,0.9880684864090284
28,0.5382432573813373,28.0,0.4666962454868465
29,0.6942640490281842,29.0,0.8568744878882502
30,0.9981171473568471,30.0,0.8015905919176607
31,0.9411451556028759,31.0,0.742780822375635
32,0.36715376692329244,32.0,0.9491413621916281
33,0.9993998936536823,33.0,0.6352326437830161
34,0.9949152976028086,34.0,0.9997610172985221
35,0.8981113836233443,35.0,0.37924575904894287
36,0.7003256590540341,36.0,0.9892421626249159
37,0.9210220942122465,37.0,0.9874090533717585
38,0.6547086008841485,38.0,0.7761089433179922
39,0.9058425790599913,39.0,0.6702743329617374
40,0.9144066617349771,40.0,0.9828245188031094
41,0.7718382937388829,41.0,0.43342449600512734
42,0.5139595085044077,42.0,0.3992214954829873
43,0.7833329902446335,43.0,0.9808516044374957
44,0.7240417639739797,44.0,0.9993808102935947
45,0.9990446220766804,45.0,0.7840046257736726
46,0.8687438683725168,46.0,0.5234162802639813
47,0.7992475694044844,47.0,0.9631462523361779
48,0.7690287106323802,48.0,0.9995721710900364
49,0.7761994488759563,49.0,0.9939094725798184
50,0.9941962226078601,50.0,0.9995661973666933
51,0.7610240752589617,51.0,0.995646333824001
52,0.8000220714368117,52.0,0.846441634977039
53,0.975914488975282,53.0,0.6445757442567283
54,0.8917685301250509,54.0,0.7654268608499889
55,0.7778382685686168,55.0,0.9662582706140296
56,0.38553384729726936,56.0,0.9748327019889003
57,0.8724005949051385,57.0,0.6771131948369467
58,0.9711556098420595,58.0,0.8233228965713517
59,0.99278720949964,59.0,0.8749168537745236
60,0.45171177922223227,60.0,0.9029547321750885
61,0.9762076534931483,61.0,0.8765966367556862
62,0.7858660579217742,62.0,0.6750848929742823
63,0.3840993661264769,63.0,0.9476355618311212
64,0.9962789558814732,64.0,0.4090477007694662
65,0.8639694779882985,65.0,0.760686037076235
66,0.42555251826630086,66.0,0.7182149035246163
67,0.9908569369097334,67.0,0.9866997541246595
68,0.9586109744594533,68.0,0.40374295431404345
69,0.8637463468930411,69.0,0.6970466666394343
70,0.6173047285052747,70.0,0.5559894742249718
71,0.7314464793094033,71.0,0.9943938991831804
72,0.5856630756820749,72.0,0.5940204440797842
73,0.771264768814735,73.0,0.9995925485936552
74,0.9431735126693483,74.0,0.8417783030467856
75,0.8574105888815209,75.0,0.44832694459559097
76,0.977963764127249,76.0,0.9772702169345905
77,0.6505153319013794,77.0,0.9829717577247438
78,0.6770971027260325,78.0,0.645795529461878
79,0.9737890212374273,79.0,0.6729276401506746
80,0.7117577797471011,80.0,0.9682463105289887
81,0.9807558155032283,81.0,0.8900902399599845
82,0.7007347534839548,82.0,0.7166016962731957
83,0.5426369459258319,83.0,0.9390883903958734
84,0.8004549096579017,84.0,0.5738094459517974
85,0.7870139739165524,85.0,0.8836860671361854
86,0.9775806961858465,86.0,0.36237929991972906
87,0.8267454444252611,87.0,0.4032951637866232
88,0.9856131939251739,88.0,0.6637552867782635
89,0.9889670399335254,89.0,0.9561995674214593
90,0.45371650005244213,90.0,0.40296096532731085
91,0.692764822543232,91.0,0.7664720252039555
92,0.5409390531372641,92.0,0.7992172643898472
93,0.8859738432287175,93.0,0.38736741167236294
94,0.8939100976095988,94.0,0.8799445223193147
95,0.8032511499186343,95.0,0.7107519733251368
96,0.40114274492981183,96.0,0.510821103772541
97,0.5722775396270151,97.0,0.9541546222428798
98,0.6332086841257848,98.0,0.47746209179333216
99,0.41698563614062645,99.0,0.37744098143963045
100,0.9573091704194494,100.0,0.7517757061352008
101,0.845602712756711,101.0,0.9822831451250673
102,0.4956184380346567,102.0,0.44247861253115806
103,0.8935613270288371,103.0,0.9234351665393946
104,0.8888568310746813,104.0,0.7888395166242363
105,0.9899053041346291,105.0,0.6464470413896687
106,0.7889541741853195,106.0,0.3928357349868109
107,0.9709445980707263,107.0,0.9026722600304034
108,0.62010346431869,108.0,0.5411087169143955
109,0.9479078417292667,109.0,0.6852445251937084
110,0.7127145720678827,110.0,0.48504525931143594
111,0.9998905178329739,111.0,0.5957027060715242
112,0.6190806287385843,112.0,0.49307446857137005
113,0.908441439643006,113.0,0.5884059044023952
114,0.5221621701896251,114.0,0.6842382516452719
115,0.5474922952737697,115.0,0.6289801716567055
116,0.8370181066687372,116.0,0.7323548592580433
117,0.9994970542249318,117.0,0.6104002873799048
118,0.7566534909876155,118.0,0.8834966509517528
119,0.49653091818438405,119.0,0.8563438279230139
120,0.9160129045826694,120.0,0.9752768407111825
121,0.8469118618413095,121.0,0.9927112937302933
122,0.8562247948233604,122.0,0.9993883205497406
123,0.6064455000007768,123.0,0.6945263726554893
124,0.9906158740736933,124.0,0.9982483401191837
125,0.9807986945551223,125.0,0.5915478810955157
126,0.6423624166365786,126.0,0.589408350919673
127,0.9958973753896294,127.0,0.9273079913303524
128,0.8810441600824864,128.0,0.9330451806098902
129,0.5440837552365525,129.0,0.9980580206899876
130,0.777373811038074,130.0,0.9594371406198496
131,0.9760406513628577,131.0,0.8653473923148447
132,0.8574784368177506,132.0,0.6991545104883616
133,0.9842804813838213,133.0,0.588659868463707
134,0.9686526384576767,134.0,0.44181164802356043
135,0.36407794114867803,135.0,0.9582557677938712
136,0.8824218240517204,136.0,0.5705418116461002
137,0.8383318293551753,137.0,0.9903679826230236
138,0.8084337262637781,138.0,0.7382431201854099
139,0.734612352729657,139.0,0.9979008006213287
140,0.959690429177614,140.0,0.9510328774498324
141,0.7765329345376095,141.0,0.9985638519394632
142,0.92584259183603,142.0,0.9859796762599865
143,0.782265027226164,143.0,0.9943397433762425
144,0.9720109901332035,144.0,0.9998532096176774
145,0.7105114239780657,145.0,0.9999199163763767
146,0.9783451559168301,146.0,0.7012429063673774
147,0.7155682790109097,147.0,0.5251892388965741
148,0.4607813144183495,148.0,0.9995515539861407
149,0.696039899336502,149.0,0.4373702832943917
150,0.6560514297456649,150.0,0.9303637699449199
151,0.9510337759603689,151.0,0.9872219957223002
152,0.9660009754240757,152.0,0.8166401304121705
153,0.44754148135928606,153.0,0.9677960407499496
154,0.8997672532757413,154.0,0.4289722412659824
155,0.9883948715034689,155.0,0.9974950640696765
156,0.7943953463012534,156.0,0.9992259266216272
157,0.830946203332783,157.0,0.9210335912435511
158,0.9257781327717606,158.0,0.9905621141504337
159,0.8130723629250174,159.0,0.4239259192272313
160,0.9026030825277991,160.0,0.8064741170908571
161,0.9952425520220868,161.0,0.9981602959825544
162,0.983741737228558,162.0,0.9681465741996835
163,0.897751078076151,163.0,0.9995317116121837
164,0.8168171137633746,164.0,0.9966435910414798
165,0.8588750622708137,165.0,0.5832638411157421
166,0.7668481822419991,166.0,0.684766659483276
167,0.7846921714396538,167.0,0.596851648961319
168,0.9038208506146956,168.0,0.9267736517859526
169,0.917417694853295,169.0,0.8632283343038932
170,0.7860135540285229,170.0,0.8146990559289321
171,0.9928406209133533,171.0,0.9018841912291173
172,0.9962977669272555,172.0,0.9794103296090183
173,0.6685463940850014,173.0,0.697063401649559
174,0.6801624089441146,174.0,0.946259079468393
175,0.7916293150689493,175.0,0.6664483819913133
176,0.8956588900634879,176.0,0.37552894134415166
177,0.9996651012255471,177.0,0.4731499211111536
178,0.5744251751552009,178.0,0.609367083476638
179,0.6602620591256175,179.0,0.725358401008755
180,0.7616733612067738,180.0,0.7491881074651012
181,0.42293186993899273,181.0,0.9725283166411441
182,0.7176657751457082,182.0,0.46442875542226203
183,0.7984088767187674,183.0,0.7315400281420766
184,0.8592634104237157,184.0,0.8659197456034442
185,0.9121234351037179,185.0,0.5963507784742599
186,0.6568056470614656,186.0,0.7173828970035994
187,0.5173386558576775,187.0,0.980342046365413
188,0.9816707091189577,188.0,0.41243250928973674
189,0.6070513169095781,189.0,0.7386315136934898
190,0.38212796472629484,190.0,0.9852668700258678
191,0.6671975135019202,191.0,0.7106747408576042
192,0.9418561865668504,192.0,0.9550338122708395
193,0.8581910802962432,193.0,0.5931429303362861
194,0.7010767491007708,194.0,0.8334684745115982
195,0.5795337431287063,195.0,0.9483996714102272
196,0.8505889476657268,196.0,0.910519302709893
197,0.9270112983311887,197.0,0.7568341565600769
198,0.5092574936318571,198.0,0.7510671925500821
